<annotation>
	<folder>collectedimages</folder>
	<filename>photo_27_2024-05-08_22-13-05.jpg</filename>
	<path>C:\Users\abdo\Desktop\sign language\RealTimeObjectDetection\Tensorflow\workspace\images\collectedimages\photo_27_2024-05-08_22-13-05.jpg</path>
	<source>
		<database>Unknown</database>
	</source>
	<size>
		<width>640</width>
		<height>480</height>
		<depth>3</depth>
	</size>
	<segmented>0</segmented>
	<object>
		<name>Help</name>
		<pose>Unspecified</pose>
		<truncated>1</truncated>
		<difficult>0</difficult>
		<bndbox>
			<xmin>1</xmin>
			<ymin>93</ymin>
			<xmax>265</xmax>
			<ymax>343</ymax>
		</bndbox>
	</object>
</annotation>
