<annotation>
	<folder>collectedimages</folder>
	<filename>photo_52_2024-05-08_22-13-05.jpg</filename>
	<path>C:\Users\abdo\Desktop\sign language\RealTimeObjectDetection\Tensorflow\workspace\images\collectedimages\photo_52_2024-05-08_22-13-05.jpg</path>
	<source>
		<database>Unknown</database>
	</source>
	<size>
		<width>640</width>
		<height>480</height>
		<depth>3</depth>
	</size>
	<segmented>0</segmented>
	<object>
		<name>Me</name>
		<pose>Unspecified</pose>
		<truncated>0</truncated>
		<difficult>0</difficult>
		<bndbox>
			<xmin>200</xmin>
			<ymin>180</ymin>
			<xmax>358</xmax>
			<ymax>324</ymax>
		</bndbox>
	</object>
</annotation>
