<annotation>
	<folder>collectedimages</folder>
	<filename>photo_57_2024-05-08_22-13-46.jpg</filename>
	<path>C:\Users\abdo\Desktop\sign language\RealTimeObjectDetection\Tensorflow\workspace\images\collectedimages\photo_57_2024-05-08_22-13-46.jpg</path>
	<source>
		<database>Unknown</database>
	</source>
	<size>
		<width>640</width>
		<height>480</height>
		<depth>3</depth>
	</size>
	<segmented>0</segmented>
	<object>
		<name>Movie</name>
		<pose>Unspecified</pose>
		<truncated>1</truncated>
		<difficult>0</difficult>
		<bndbox>
			<xmin>197</xmin>
			<ymin>279</ymin>
			<xmax>367</xmax>
			<ymax>480</ymax>
		</bndbox>
	</object>
</annotation>
